id;scientific_name;fuente;distribution_text;origin_status;description_source;growth_form;life_cycle;underground_structure;flower_shape;conservation_status
# Fichas "pendientes de revisión" completadas desde Expresiones del Desierto Florido, 2ª ed. agosto 2026 (revisión 2026-09-30).
# fuente: texto = transcrito del texto de la ficha | iconos = leído de la fila de íconos (página sin texto descriptivo; ver leyenda p. 22-23)
# Campo vacío = la ficha no lo indica. Se aplican con: python tools/completar_fichas.py  (luego build_catalog.py)
10;Heliotropium floridum;iconos;;ENDÉMICA;Arbusto (según íconos de la ficha);Arbusto;Perenne;Raíz pivotante;Flores con pétalos unidos solo en su base;
15;Loasa illapelina;iconos;;ENDÉMICA;Hierba anual (según íconos de la ficha);Hierba;Anual;Raíz pivotante;Flores con pétalos libres, pentámeras;
24;Schizanthus lacteus;iconos;;ENDÉMICA;Hierba anual (según íconos de la ficha);Hierba;Anual;Raíz pivotante;Flores con pétalos unidos, corola irregular;
27;Tristagma sp.;iconos;;;Hierba perenne con bulbo (según íconos de la ficha);Hierba;Perenne;Bulbo;Flores con tépalos libres, trímeras;
28;Zephyra compacta;texto;Región de Atacama y Región de Coquimbo;ENDÉMICA;Hierba perenne (geófita). Crece en lugares arenosos;Hierba;Perenne;Raíz tuberosa (cormo);Flores con tépalos libres, trímeras;No evaluada
29;Zephyranthes sp.;iconos;;ENDÉMICA;Hierba perenne con bulbo (según íconos de la ficha);Hierba;Perenne;Bulbo;Flores con tépalos libres, trímeras;
42;Cruckshanksia pumila;iconos;;ENDÉMICA;Hierba anual (según íconos de la ficha);Hierba;Anual;Raíz pivotante;Flores con pétalos unidos solo en su base;
43;Cruckshanksia montiana;iconos;;ENDÉMICA;Hierba perenne con rizoma (según íconos de la ficha);Hierba;Perenne;Rizoma;Flores con pétalos unidos solo en su base;
54;Oxalis virgosa;texto;Región de Antofagasta hasta Región de Coquimbo;ENDÉMICA;Arbusto con ramas desde la base, ascendientes y carnosas. Hojas pequeñas acorazonadas y suculentas. Hojas peludas;Arbusto;Perenne;Raíz tuberosa;Flores con pétalos libres, pentámeras;No evaluada
55;Oxalis gigantea;texto;Región de Antofagasta hasta Región de Coquimbo;ENDÉMICA;Arbusto con ramas desde la base, ascendientes y carnosas. Hojas pequeñas acorazonadas y suculentas. Hojas cerosas;Arbusto;Perenne;Raíz tuberosa;Flores con pétalos libres, pentámeras;No evaluada
56;Quinchamalium chilense;texto;Región de Arica y Parinacota hasta Región de Aysén;NATIVA;Hierba perenne. Crece en laderas abiertas o entre arbustos;Hierba;Perenne;Raíz pivotante;Flores con pétalos libres, pentámeras;No evaluada
57;Senna cumingii var. cumingii;texto;Región de Atacama y Región de Coquimbo;ENDÉMICA;Arbusto de hábito globoso. Abundante cerca de la costa en llanuras y lomajes;Arbusto;Perenne;Raíz pivotante;Flores grandes con pétalos libres, corola irregular y un solo plano de simetría;No evaluada
58;Senecio myriophyllus;texto;Región de Antofagasta hasta Región de Coquimbo;ENDÉMICA;Subarbusto de ramas tupidas y hojas engrosadas. Crece cerca de la costa;Subarbusto;Perenne;Raíz pivotante;Cabezuela, inflorescencia formada por numerosas flores;No evaluada
59;Senecio sp.;iconos;;;Cabezuela amarilla (según fotografía, ficha sin texto ni íconos);;;;Cabezuela;
60;Sisyrinchium graminifolium;texto;Región de Antofagasta hasta Región de la Araucanía;NATIVA;Hierba perenne (geófita);Hierba;Perenne;Rizoma y raíces fasciculadas;Flores con tépalos libres, trímeras;No evaluada
61;Skytanthus acutus;texto;Región de Antofagasta hasta Región de Coquimbo;ENDÉMICA;Arbusto de hábito globoso. Crece en suelos arenosos o pedregosos de preferencia cerca del mar;Arbusto;Perenne;Raíz pivotante;Flores con pétalos unidos solo en su base;No evaluada
62;Tetragonia maritima;texto;Región de Antofagasta hasta Región de Coquimbo;ENDÉMICA;Subarbusto;Subarbusto;Perenne;Raíz pivotante;Flores con pétalos libres, tetrámeras;No evaluada
63;Tropaeolum tricolor;texto;Región de Antofagasta hasta Región de Los Lagos;ENDÉMICA;Hierba perenne con hábito rastrero o trepador;Hierba;Perenne;Raíz tuberosa;Flores con pétalos libres, pentámeras;No evaluada
64;Viola polypoda;texto;Región de Tarapacá hasta Región de Coquimbo;ENDÉMICA;Hierba anual con hojas dispuestas en rosetas. Crece en zonas áridas, cerca de la costa y valles interiores;Hierba;Anual;Raíz pivotante;Flores con pétalos libres, corola irregular y un solo plano de simetría;No evaluada
65;Zephyranthes bagnoldii;texto;Región de Antofagasta hasta Región de Coquimbo;ENDÉMICA;Hierba perenne (geófita) con hojas acanaladas generalmente verdes. Crece en suelos arenosos cerca de la costa;Hierba;Perenne;Raíz tuberosa (Bulbo y raíces);Flores con tépalos libres, trímeras;No evaluada
67;Alonsoa meridionalis;texto;Región de Atacama hasta Región del Biobío;NATIVA;Hierba perenne. Crece en laderas y pendientes que se mantengan asoleadas;Hierba;Perenne;Raíz pivotante;Flores con pétalos unidos solo en su base;No evaluada
69;Tristerix aphyllus;texto;Región de Atacama hasta Región de O’Higgins;ENDÉMICA;Arbusto parásito que presenta tallos lampiños, carentes de hojas. Posee haustorio, raíz modificada que penetra en el tejido del huésped;Arbusto parásito;Perenne;Haustorio;Inflorescencia formada por numerosas flores alargadas;No evaluada
70;Zephyranthes phycelloides;texto;Región de Atacama y Región de Coquimbo;ENDÉMICA;Hierba perenne (geófita) con hojas acanaladas generalmente verdes. Crece en laderas y quebradas costeras e interiores;Hierba;Perenne;Raíz tuberosa (Bulbo y raíces);Flores con tépalos libres, trímeras;No evaluada
73;Alstroemeria violacea;iconos;;NATIVA;Hierba con rizoma (según íconos de la ficha);Hierba;;Rizoma;Flores con tépalos libres, trímeras;
74;Alstroemeria leporina;iconos;;ENDÉMICA;Hierba con rizoma (según íconos de la ficha);Hierba;;Rizoma;Flores con tépalos libres, trímeras;
75;Alstroemeria diluta subsp. diluta;iconos;;ENDÉMICA;Hierba con rizoma (según íconos de la ficha);Hierba;;Rizoma;Flores con tépalos libres, trímeras;Preocupación menor
87;Stachys grandidentata;texto;Región de Antofagasta hasta Región de Los Lagos;ENDÉMICA;Hierba perenne. De tallos rectos y poco ramificados. Hojas peludas y dentadas en sus bordes;Hierba;Perenne;Raíz pivotante;Flores con pétalos libres, corola de forma irregular;No evaluada
88;Tillandsia geissei;texto;Región de Antofagasta hasta Región de Coquimbo;ENDÉMICA;Hierba epífita perenne. Crece sobre otro vegetal usándolo solo como soporte, sin parasitarlo. Hojas grisáceas reunidas en rosetas;Hierba;Perenne;Raíz pivotante;Inflorescencia compuesta por numerosas flores terminales en espiga;Casi Amenazada (D.S. 41/2011 MMA)
99;Nolana divaricata;iconos;;ENDÉMICA;Subarbusto (según íconos de la ficha);Subarbusto;;Raíz pivotante;Flores con pétalos unidos, corola acampanada o tubular;
103;Zephyra elegans;texto;Región de Tarapacá hasta Región de Coquimbo;ENDÉMICA;Hierba perenne (geófita). Crece en lugares arenosos, generalmente formando grandes poblaciones;Hierba;Perenne;Raíz tuberosa (cormo);Flores con tépalos libres, trímeras;No evaluada
104;Puya alpestris subsp. zoellneri;texto;Región de Atacama hasta Región del Maule;ENDÉMICA;Hierba perenne con hojas espinosas y puntiagudas dispuestas en roseta densa y altos espigones florales con flores azul verdoso;Hierba;Perenne;Raíz fasciculada;Inflorescencia formada por numerosas flores;No evaluada
118;Miqueliopuntia miquelii;texto;Región de Atacama y Región de Coquimbo;ENDÉMICA;Arbustivo de crecimiento desordenado, agrupado en colonias. Tallos cilíndricos con ramificaciones laterales, verde azulados. Espinas amarillas ocre. Flores de color amarillo pálido o rosadas;Cactácea;Perenne;;Flores amarillo pálido o rosadas;Preocupación menor (D.S. 13/2013 MMA)
119;Sphaeropuntia sphaerica;texto;Región de Arica y Parinacota hasta Región Metropolitana;NATIVA;Crecimiento en cojines sueltos, con ramificaciones laterales fácilmente separables. Tallitos esféricos o alargados, gris verdosos o algo azulados. Espinas de color variable. Flores amarillo dorado a anaranjadas;Cactácea;Perenne;;Flores amarillo dorado a anaranjadas;Preocupación menor (D.S. 19/2012 MMA)
